,dc:identifier,initial_type,rdfs:label.fr,label_clean,comment_clean,description_clean
54,13968,hotel,M. Edric Cappon,m. edric cappon,,
55,66782,hotel,L'HOTEL PARTICULIER,hotel particulier,,
59,37055,hotel,Gîte de la Slack,gîte slack,,
61,60792,hotel,MME ESTIVAN,mme estivan,,
68,97764,hotel,Lapointe Pierrick et Céline,lapointe pierrick céline,,
75,97735,hotel,Les Sapins,sapin,,
77,75227,hotel,Domaine de Waringzelle,domaine waringzelle,,
79,74978,hotel,L'AUTHENTIQUE,authentique,,
80,89907,hotel,LA PROVIDENCE,providence,,
83,68298,hotel,FERME DE L'ABBAYE,ferme abbaye,,
91,94167,hotel,Bécart Christian & Marie,bécart christian marier,,
94,57109,hotel,HOTEL METROPOL'HOTEL,hotel metropol' hotel,,
96,68477,hotel,TRIPLEX ARRAS,triplex arrer,,
97,92929,hotel,Lomamökki Insolite,lomamökki insolite,,
99,60807,hotel,RDC,rdc,,
102,14595,hotel,CAMPING DU LAC DE REBECQUES,camping lac rebecque,,
105,78327,hotel,L'Atrium,atrium,,
107,13897,hotel,Le Clos des Sarcelles,clore sarcelle,,
133,78835,hotel,AIRE SERVICE PRIVÉE CAMPING CAR,aire service priver camping car,,
134,68385,hotel,DEMEURE,demeure,,
136,56998,hotel,HOTEL L'AQUARIUM,hotel aquarium,,
137,76802,hotel,Lefebvre,lefebvre,,
139,80059,hotel,Villa les Roses,villa rose,,
149,91918,hotel,HOTEL CHEZ LEGRIS,hotel chez legris,,
155,68199,hotel,"""CHEZ TATIE DANIELLE"" LES VOLETS BLEUS",chez tatie daniell volet bleu,,
170,62946,hotel,AIRE DE SERVICE POUR CAMPING CAR,aire service camping car,,
175,45228,hotel,Le Dizacre,dizacre,,
183,61610,hotel,IBIS BUDGET TUNNEL SOUS LA MANCHE,ibis budget tunnel sou manche,,
186,37001,hotel,CAMPING DU PONT D'OYE,camping pont oye,,
190,78846,hotel,AIRE GRATUITE POUR CAMPING CAR,aire gratuit camping car,,
213,97773,hotel,Bertin Isabelle,bertin isabelle,,
217,36995,hotel,GÎTE LA FERME DU COQ AUX ANES,gîte ferme coq ane,,
233,57239,hotel,Les Jardins de L'Authie,jardin authie,,
240,72650,hotel,La Forge,forge,,
241,68194,hotel,LE CLOS VERLAINE,clos verlaine,,
249,14609,hotel,CAMPING LES MARAIS,camping marais,,
254,14596,hotel,CAMPING LE MOULIN,camping moulin,,
261,89830,hotel,Wallet Julie,wallet julie,,
262,13955,hotel,La Grange,grange,,
269,14990,hotel,La Fermette du Lac,fermette lac,,
272,98209,hotel,Bourgeois Caroline,bourgeois carolin,,
274,100073,hotel,MEUBLÉ DE TOURISME,meubler tourisme,,
277,68475,hotel,AU NU,nu,,
282,68479,hotel,DEMEURE DES BUIS,demeure buis,,
284,97765,hotel,Lefèbvre Xavier,lefèbvre xavier,,
294,70299,hotel,Chez Maxou,chez maxou,,
314,92237,hotel,LE FAIRWAY HÔTEL ET SPA GOLF D'ARRAS,fairway hôtel spa golf arrer,,
323,60981,hotel,Lievens Laurence,lieven laurence,,
328,15430,hotel,Gîte de la Vallée de la Course,gîte vallée course,,
331,71738,hotel,Haras des Graves,haras grave,,
334,37000,hotel,LES OYATS,oyat,,
337,93729,hotel,CLOS BARTHELEMY - CHATEAU D'ETERPIGNY,clore barthelemy chateau eterpigny,,
339,56988,hotel,COTTAGE HÔTEL,cottage hôtel,,
340,68308,hotel,LA GRENOUILLERE,grenouillere,,
347,68161,hotel,PLUMES ET COTON,plume coton,,
352,100460,hotel,Lefebvre Véronique,lefebvre véroniqu,,
355,57282,hotel,Camping La Paillote,camping paillote,,
361,94809,hotel,Gîte de la digue,gîte digue,,
363,69012,hotel,GITE DU CLOS DU CARPE DIEM,gite clore carpe diem,,
371,60962,hotel,Fait Daniel - logement 3,faire daniel logement,,
387,100072,hotel,MEUBLÉ DE TOURISME : La Grange,meubler tourisme grange,,
390,97778,hotel,Les Tennis,tennis,,
392,64191,hotel,LES BUISSONNETS,buissonnet,,
393,94684,hotel,AIRE POUR CAMPING CAR,aire camping car,,
394,63971,hotel,Le Sophora,sophora,,
395,68476,hotel,GÎTE LE CANADIEN,gît canadien,,
398,71739,hotel,Petit coin de verdure,petit coin verdure,,
404,57161,hotel,HÔTEL HOLIDAY INN EXPRESS ARRAS,hôtel holiday inn express arrer,,
415,83847,hotel,Wisniewski Eric,wisniewski eric,,
417,69014,hotel,"GITE ""LA MERSURE""",gite mersure,,
421,14544,hotel,Les Dix Mesures,dix mesure,,
427,75703,hotel,Résidence Reingam Park,résidence reingam park,,
434,13940,hotel,Gîtes Le Clos Haflingers - Les Clématites,gîte clos haflingers clématite,,
446,68286,hotel,CHÂTEAU DE COUIN,château couin,,
448,68293,hotel,LA NICOLINIERE,nicoliniere,,
453,14606,hotel,CAMPING LE RIVAGE,camping rivage,,
458,15530,hotel,La Tour,tour,,
464,78710,hotel,Leroy Roland,leroy roland,,
470,61607,hotel,HOLIDAY INN CALAIS  COQUELLES,holiday inn calai   coquelle,,
481,68006,hotel,Studio B7,studio b,,
485,60789,hotel,MR RIGAUX,mr rigal,,
498,68437,hotel,GÎTE DE L'EGLISE,gîte eglise,,
502,68174,hotel,LE DOMAINE DES PIERRES,domaine pierre,,
503,94696,hotel,CAMPING MUNICIPAL L'HIRONDELLE,camping municipal hirondelle,,
511,100512,hotel,Malvache Jacques,malvach jacques,,
515,13964,hotel,Ferme de l'Horloge,ferme horloge,,
518,82574,hotel,Navet Emmanuel - L'Etoile de Mer - logement 1,navet emmanuel etoile mer logement,,
523,77908,hotel,Gîte de groupe de Saint-Venant,gîte groupe saint-venant,,
534,68183,hotel,ALLEE DES HORTENSIAS,allee hortensia,,
546,75811,hotel,LA MAISON DE MARIE,maison marier,,
551,82950,hotel,UN SEJOUR A LA ROULOTTE,sejour avoir roulotte,,
559,68156,hotel,AU CŒUR D'EDEN,cœur eden,,
566,68355,hotel,CHATEAU DE GRAND-RULLECOURT,chateau grand-rullecourt,,
575,93730,hotel,DOMAINE DES CALINES,domaine caline,,
577,37005,hotel,CAMPING LES PYRAMIDES,camping pyramide,,
585,68402,hotel,GÎTE DES CLES DE L'ARTOIS,gîte cle artoi,,
596,14278,hotel,Camping du Stade,camping stade,,
607,64265,hotel,LA POMMERAIE,pommeraie,,
611,75226,hotel,Domaine de Waringzelle,domaine waringzelle,,
616,60976,hotel,Hanquiez Marcel - Logement 2,hanquiez marcel logement,,
619,62442,hotel,Villa Eole,villa eole,,
625,57061,hotel,HOTEL BRIT HOTEL,hotel brit hotel,,
633,13911,hotel,Les Magnolias,magnolia,,
635,97761,hotel,Dhesse Arnaud,dhesse arnaud,,
637,78547,hotel,Dobrogoszcz Armelle,dobrogoszcz armelle,,
647,69017,hotel,GITE,gite,,
648,68444,hotel,"GÎTE ""DESIRE""",gît desire,,
653,68473,hotel,STAY IN ARRAS,stay in arrer,,
659,15418,hotel,Ferme du Colombier,ferme colombier,,
664,78669,hotel,Catto Gisèle,catto gisèle,,
667,66087,hotel,GRAND PLACE HOTEL,grand place hotel,,
669,64323,hotel,GITE RURAL,gite rural,,
673,94863,hotel,Villa L'Escale,villa escale,,
681,68187,hotel,LES CLÉS DES PLACES,clé place,,
685,13862,hotel,Ferme de l'Horloge,ferme horloge,,
689,89631,hotel,COTTAGE GRANDSIRE 2,cottage grandsir,,
693,67920,hotel,Villa Casabianca,villa casabianca,,
694,57035,hotel,CAMPING MUNICIPAL DE PLOUVAIN,camping municipal plouvain,,
696,60747,hotel,LA LONGERE,longere,,
710,68165,hotel,AU CARRE SAINT ELOI,carre saint eloi,,
711,68471,hotel,RESIDENCE LES BRIGITTINES,residence brigittine,,
713,68484,hotel,GÎTE À BAILLEUL SIRE-BERTHOULT,gît bailleul sire berthoult,,
714,60958,hotel,Dupuis Marie-Françoise,dupuis marie-françois,,
716,68480,hotel,GÎTE A ARRAS,gîte avoir arrer,,
722,94425,hotel,Madame Boutour Stéphanie,monsieur boutour stéphanie,,
725,45248,hotel,Gîte de la rivière,gîte rivière,,
732,97770,hotel,Allonier Sandrine,allonier sandrin,,
736,89462,hotel,Hôtel Reingam Park,hôtel reingam park,,
748,69020,hotel,VILLAGE DE GÎTES DE DOUCHY,village gîte douchy,,
755,78719,hotel,Nowicki Henri,nowicki henri,,
757,100102,hotel,Ecrin d'Opale,ecrin opale,,
762,60988,hotel,Mutryn Henri,mutryn henri,,
765,70332,hotel,Le Tilleul,tilleul,,
767,93625,hotel,Compiègne Dany - Le Loft Berckois,compiègne dany loft berckoi,,
771,14540,hotel,Gîtes Sainte Thérèse,gîte saint thérèse,,
778,61615,hotel,EXHÔTEL IBIS TUNNEL SOUS LA MANCHE,exhôtel ibis tunnel sou manche,,
788,68301,hotel,LA RAMBOUILLERE,rambouillere,,
793,60774,hotel,MR DEMARQUILLY,mr demarquilly,,
794,96241,hotel,Leoxia,leoxier,,
796,78697,hotel,Galand Bernard,galand bernard,,
801,97757,hotel,Face Mer,face mer,,
803,13942,hotel,Domaine de Waringzelle,domaine waringzelle,,
809,100421,hotel,Berthelot Marie,berthelot marier,,
812,72657,hotel,D'Hauwers Viviane - logement 2,hauwers viviane logement,,
818,13879,hotel,Hôtel de la Baie de Wissant,hôtel baie wissant,,
833,89905,hotel,A LA PETITE ÉCLUSE,avoir petit écluse,,
842,78721,hotel,Penant Geneviève,pener genevièv,,
843,100064,hotel,MEUBLÉ DE TOURISME,meubler tourisme,,
852,69022,hotel,LE TRANSVAAL,transvaal,,
853,14673,hotel,MME HOUCKE,mme houcke,,
855,94689,hotel,CAMPING DU PONT DE PIERRE,camping pont pierre,,
859,68384,hotel,LE JARDIN,jardin,,
866,70329,hotel,Le Tilleul,tilleul,,
868,75204,hotel,Gîte M. Lejoint,gît m. lejoint,,
871,72689,hotel,M. Nicolas Joncquez,m. nicolas joncquez,,
872,90947,hotel,Villa Louise,villa louise,,
879,69008,hotel,UN DIMANCHE A LA FERME,dimanche avoir ferme,,
887,97550,hotel,L'Escapade,escapade,,
899,60787,hotel,MR DEVILLERS,mr devillers,,
902,91921,hotel,LA FONTAINE D'INVILLE,fontaine inville,,
904,57039,hotel,CAMPING L'HIRONDELLE,camping hirondelle,,
910,60983,hotel,Martinage Guy - logement 1,martinage guy logement,,
911,61004,hotel,Senlecques Jean-Philippe,senlecque jean-philippe,,
919,68441,hotel,FERME DES 4 VENTS,ferme   vent,,
926,72815,hotel,Manoir du Brugnobois,manoir brugnoboi,,
934,68372,hotel,PLACE Ô RÊVES / PLACE Ô HÔTES,place ô rêve place ô hôte,,
936,78644,hotel,Berger Christophe,berger christophe,,
937,68369,hotel,MAISON SAINT VAAST,maison saint vaast,,
938,14585,hotel,CAMPING LES ROSEAUX,camping roseau,,
944,60780,hotel,MR DEVAUX,mr devau,,
955,57027,hotel,Camping Le Courtil,camping courtil,,
957,78714,hotel,Masquelier Carine,masquelier carin,,
964,60783,hotel,MR DELMOTTE,mr delmotte,,
965,94697,hotel,CAMPING DOMANIAL,camping domanial,,
983,14577,hotel,CAMPING LE CLAIRMARAIS,camping clairmarai,,
984,68179,hotel,LE POURQUOI PAS,pourquoi,,
986,70282,hotel,Le Vieux Carré,vieux carré,,
987,57271,hotel,Le Bec de Perroquet,bec perroquet,,
993,13869,hotel,"Hôtel ""La plage""",hôtel plage,,
1000,13982,hotel,Ferme des Monts - La Cotentine,ferme mont cotentine,,
1002,70328,hotel,Le Tilleul,tilleul,,
1008,73465,hotel,CESAR HOTEL,cesar hotel,,
1010,99158,hotel,Masure Bertrand,masure bertrand,,
1014,68383,hotel,À L'ATYPIQUE,atypique,,
1018,78706,hotel,Leclercq Mikaël,leclercq mikaël,,
1022,96367,hotel,Donot Amélie et Tony,donot amélie tony,,
1031,57200,hotel,Camping La Source,camping source,,
1035,61006,hotel,Tutin Corinne & Jean-Claude -  Chalet 143 - logement 1,tutin corinne jean-claude   chalet   logement,,
1037,79847,hotel,Micaletti Gilbert,micaletti gilbert,,
1039,61981,hotel,CAMPING DES 4 VENTS,camping   vent,,
1042,15509,hotel,Le Pigeonnier,pigeonnier,,
1045,60746,hotel,LA MAISON AU RUISSEAU,maison ruisseau,,
1047,13870,hotel,Hostellerie de la Quenoeuille,hostellerie quenoeuille,,
1049,93728,hotel,DOMAINE NATUREZA,domaine natureza,,
1050,60992,hotel,Pezzi Sylvie,pezzi sylvie,,
1053,75220,hotel,Le Dizacre,dizacre,,
1055,85764,hotel,Gîte - Le petit hameau,gîte petit hameau,,
1058,61001,hotel,Roupp - logement 2,roupp logement,,
1063,68291,hotel,LE CLOS SAINT GEORGES,clos saint georges,,
1070,78222,hotel,Gîte de la Grand'Place,gîte grand'place,,
1071,68196,hotel,AU CHANT DES OISEAUX,chant oiseau,,
1073,69021,hotel,MAIRIE D'AVESNES LE COMTE,mairie avesnes comte,,
1079,68158,hotel,LA CORNE D'OR,corne or,,
1081,68175,hotel,LE SOLEIL DU LION,soleil lion,,
1084,68395,hotel,"GÎTE DE L'OLIVIER, LA PICHOLINE, LA MANZANILLE",gîte olivier picholine manzanille,,
1086,60810,hotel,MME ROUPP 1ER,mme roupp er,,
1089,14593,hotel,CAMPING LE VERT MANOIR,camping vert manoir,,
1091,72829,hotel,Gîtes du Chênelet,gîte chênelet,,
1101,45250,hotel,Résidence Turquoise,résidence turquoise,,
1106,15364,hotel,CAMPING BAL,camping bal,,
1109,97760,hotel,Dasilva Sandra,dasilver sandra,,
1110,78660,hotel,Bohling Hugh,bohling hugh,,
1124,77178,hotel,CAMPING MUNICIPAL LES SAPINS,camping municipal sapin,,
1127,14576,hotel,CAMPING LA NOUVELLE AVENTURE,camping nouveau aventure,,
1131,85884,hotel,Gîte les Hirondelles des 2 Caps,gît hirondelle   cap,,
1133,68162,hotel,LA COUR DES GRANDS,cour grand,,
1136,13923,hotel,A Chacun sa Marée,avoir chacun marée,,
1137,14972,hotel,Manoir du Brugnobois,manoir brugnoboi,,
1141,78220,hotel,La Ferme du Pont Troué,ferme pont trouer,,
1142,94687,hotel,AIRE DE CAMPING CAR,aire camping car,,
1144,68303,hotel,LES MARRONNIERS,marronnier,,
1145,60975,hotel,Hanquiez Marcel - logement 1,hanquiez marcel logement,,
1149,94712,hotel,Ferme des Monts - L'estaires,ferme mont estaire,,
1152,60815,hotel,MME LOBJOIS,mme lobjois,,
1156,83807,hotel,Leclercq Alain,leclercq alain,,
1163,55114,hotel,Sailly Joëlle,sailly joëlle,,
1165,101768,hotel,Les Magnolias,magnolia,,
1167,68387,hotel,GÎTE DE LA GRAND'PLACE,gîte grand'place,,
1173,60816,hotel,GARDEN COTTAGE,garden cottag,,
1174,97774,hotel,Lemire Vincent,lemire vincent,,
1179,68359,hotel,LE CHATEAU DE SAULTY,chateau saulty,,
1187,68296,hotel,APPART A LA PLAGE,appart avoir plage,,
1195,100166,hotel,MEUBLÉ DE TOURISME,meubler tourisme,,
1197,101377,hotel,La Plonplonière,plonplonière,,
1198,57267,hotel,CAMPING DU VIVIER,camping vivier,,
1202,57013,hotel,HOTEL DES ARTS,hotel art,,
1208,68163,hotel,LA COUR DES CARMES,cour carme,,
1214,100063,hotel,MEUBLÉ DE TOURISME : La Matelote,meubler tourisme matelote,,
1222,57275,hotel,LE RYTOUCK,rytouck,,
1223,60143,hotel,Chambres d'Hôtes du Château de Moulin-le-Comte,chambre hôte château moulin-le-comte,,
1231,96439,hotel,Les 4 Plages,  plage,,
1233,60760,hotel,MR CELISSE,mr celisse,,
1238,14534,hotel,La Maison des Fraisiers,maison fraisier,,
1244,73559,hotel,VILLA LES PALMIERS,villa palmier,,
1249,94675,hotel,AIRE DE CAMPING CAR,aire camping car,,
1250,68289,hotel,LE MANOIR DE BELLACORDELLE,manoir bellacordelle,,
1253,82667,hotel,Les Mésanges,mésange,,
1264,78666,hotel,Cabanes Annie,cabane annie,,
1275,60794,hotel,MME DELBARRE,mme delbarre,,
1282,14924,hotel,Les Pommiers des Trois-Pays,pommier trois-pays,,
1290,70338,hotel,Gîte de Meraville,gîte meraville,,
1292,91034,hotel,Villa accro bâtie,villa accro bâtir,,
1297,69015,hotel,CHEZ MARTHE,chez marthe,,
1299,68469,hotel,KOOKA,kooka,,
1303,54694,hotel,Les Moussaillons,moussaillon,,
1304,94690,hotel,CAMPING MUNICIPAL DU GRAND MARAIS,camping municipal grand marais,,
1318,60809,hotel,MME ROUPP,mme roupp,,
1319,13949,hotel,Les Arums 2,arum,,
1320,14587,hotel,CAMPING LES SAULES,camping saule,,
1323,14546,hotel,Gîte du Marais,gîte marais,,
1326,37008,hotel,CAMPING LA GRISE PIERRE,camping grise pierre,,
1327,37060,hotel,Les Acacias,acacia,,
1328,60748,hotel,LA GRANGE,grange,,
1331,74264,hotel,Beaucamps Jean-Pierre,beaucamp jean-pierre,,
1332,68185,hotel,LA MAISON DE JOSEPHINE,maison josephine,,
1336,60744,hotel,MR KALUS,mr kalus,,
1342,60163,hotel,Camping de la Petite Forêt,camping petit forêt,,
1345,70289,hotel,Campagne et Compagnie,campagne compagnie,,
1348,78817,hotel,RESIDENCE LA CROISETTE - APT FACE MER,residence croisette apt face mer,,
1361,91916,hotel,DOME HÔTEL,dome hôtel,,
1362,68440,hotel,LE GÎTE BLEU,gîte bleu,,
1363,37026,hotel,Les Arums 1,arum,,
1387,75121,hotel,CHATEAU DE LA MARINE,chateau marine,,
1388,68481,hotel,GÎTE A ARRAS,gîte avoir arrer,,
1389,57224,hotel,Première Classe Arras Tilloy,premier classe arrer tilloy,,
1391,68474,hotel,QUARTIERS DES ARTS,quartier art,,
1402,78730,hotel,Wiart Marc,wiart marc,,
1406,82693,hotel,Navet Emmanuel - L'Impératrice 2 - logement 2,navet emmanuel empereur   logement,,
1410,97777,hotel,Vitse Caroline,vitse carolin,,
1414,45240,hotel,Gîte M. et Mme Swartvagher,gît m. mme swartvagher,,
1419,70368,hotel,Gîtes Le Clos Haflingers - Les Tulipes,gîte clos haflingers tulipe,,
1421,97983,hotel,Mariette Aurore,mariette aurore,,
1434,57097,hotel,Le Voltaire,voltaire,,
1437,14917,hotel,Les Piloteries,piloterie,,
1438,37010,hotel,HAMEAU DE LA BISTADE,hameau bistade,,
1439,14612,hotel,CAMPING DOMAINE DU BLEQUIN,camping domaine blequin,,
1443,60766,hotel,MR COTTE,mr cotte,,
1445,57116,hotel,HOTEL LE MANOIR DE GAVRELLE,hotel manoir gavrelle,,
1446,57023,hotel,L'Alouette,alouette,,
1448,96117,hotel,GÎTE DE LA PLACE,gîte place,,
1451,93255,hotel,HÔTEL IBIS STYLES ARRAS CENTRE,hôtel ibis style arrer centre,,
1452,66674,hotel,CAMPING LES SOURCES,camping source,,
1463,97771,hotel,Coutheillas Florent,coutheilla florent,,
1467,70286,hotel,Gîte St Lambert,gîte st lambert,,
1469,68306,hotel,LE CLOS GRINCOURT,clos grincourt,,
1472,45262,hotel,Gîte M. Lejoint,gît m. lejoint,,
1479,57201,hotel,Camping de La Manche,camping manche,,
1484,69005,hotel,LE LAC DES SAPINS,lac sapin,,
1492,98477,hotel,Chez Mathilda,chez mathilda,,
1514,14882,hotel,Camping Le Courtil Rose,camping courtil rose,,
1527,93812,hotel,HOTEL HISTOIRE DE BISTROT,hotel histoire bistrot,,
1530,14603,hotel,CAMPING LE GRAND LARGE,camping grand large,,
1531,68381,hotel,GÎTE MOSAÏQUE,gît mosaïque,,
1534,68189,hotel,LE CÈDRE BLEU,cèdre bleu,,
1535,14605,hotel,CAMPING LE FREMONT,camping fremont,,
1536,14578,hotel,CAMPING LE MONT,camping mont,,
1537,73457,hotel,LE SLEEPING,sleeping,,
1539,14582,hotel,CAMPING DE L'HERMITAGE,camping hermitage,,
1540,75704,hotel,Les Résidences du Neptune,résidence neptune,,
1551,45252,hotel,L'Une et l'Autre,autre,,
1554,15267,hotel,Camping Les Aulnes,camping aulne,,
1560,14610,hotel,CAMPING LE LANSBERGUES,camping lansbergue,,
1566,60804,hotel,MR DEVEY,mr devey,,
1568,97785,hotel,La Licorne,licorne,,
1570,14591,hotel,CAMPING DE L'ETANG DU MOULIN DE L'AA,camping etang moulin aa,,
1573,100098,hotel,Bayart Justine,bayart justin,,
1576,37003,hotel,CLAIRETTE,clairette,,
1584,68285,hotel,LE CHÂTEAU,château,,
1590,74529,hotel,L'ACCALMIE,accalmie,,
1591,57179,hotel,LE CITADEL HOTEL,citadel hotel,,
1597,57101,hotel,The Original's Le Neptune Boutique Hôtel,the original' neptune boutique hôtel,,
1601,97982,hotel,Deveaux Brigitte,deveau brigitte,,
1607,70477,hotel,Domaine du Mandarin,domaine mandarin,,
1609,78841,hotel,AIRE PAYANTE POUR CAMPING CAR,aire payant camping car,,
1618,45243,hotel,A l'Abordage,avoir abordage,,
1623,60165,hotel,Camping Ferm'Lys,camping ferm' lys,,
1628,60793,hotel,MME SANCHEZ,mme sanchez,,
1631,57154,hotel,HOTEL LE PACIFIC,hotel pacific,,
1635,13988,hotel,Grain de Sable,grain sable,,
1641,72764,hotel,La Livarde,livarde,,
1646,70362,hotel,Les Jacinthes,jacinthe,,
1659,60779,hotel,LE VERGER,verger,,
1663,68172,hotel,FERME DES QUATRE VENTS,ferme quatre vent,,
1672,72828,hotel,Groupe Chênelet,groupe chênelet,,
1675,100754,hotel,Dubaqué Christelle - L'Alchimie de Léonie,dubaqué christell alchimie léonie,,
1681,100100,hotel,Maison Bord de Mer,maison bord mer,,
1688,97763,hotel,Pouillaude Simon,pouillaude simon,,
1690,90477,hotel,Le Lodge,lodge,,
1691,68483,hotel,GÎTE À ARRAS,gît arrer,,
1695,13965,hotel,"Roulotte ""Réno Béba""",roulotte réno béber,,
1703,97753,hotel,Marty Guillaume,marty guillaume,,
1709,72759,hotel,La Ferme du Guindal,ferme guindal,,
1715,97762,hotel,Nowak Amélie,nowak amélie,,
1722,57021,hotel,Chez Mireille,chez mireille,,
1729,62941,hotel,AIRE COMMUNALE,aire communal,,
1734,100587,hotel,Ménage - Delame Arnaud,ménage delame arnaud,,
1738,99153,hotel,Bortolin Xavier,bortolin xavier,,
1742,70292,hotel,Le John Jeffries,john jeffries,,
1743,64573,hotel,Camping le Noirda,camping noirda,,
1747,57236,hotel,CAMPING DE LA PLAGE - DOMAINE LES PALOMINOS,camping plage domaine palomino,,
1748,68197,hotel,LA DEMEURE DES BUIS,demeure buis,,
1754,74452,hotel,CAMPING LE PHARE D'OPALE,camping phare opale,,
1758,57082,hotel,CAMPING G.C.U,camping g.c.u,,
1759,78852,hotel,AIRE PAYANTE POUR CAMPING CAR,aire payant camping car,,
1764,84025,hotel,Philippe Bétrancourt,philippe bétrancourt,,
1769,98120,hotel,GÎTE DU LAC DES MIROIRS 6 PERS.,gîte lac miroir   per,,
1775,70337,hotel,Gîte du Moulin,gîte moulin,,
1777,14584,hotel,CAMPING LE RIVAGE,camping rivage,,
1781,14592,hotel,CAMPING LES PEUPLIERS,camping peuplier,,
1784,83845,hotel,Salingue Gilles,salingue gille,,
1797,78728,hotel,La Longe Mer,longe mer,,
1804,78098,hotel,PREMIÈRE CLASSE DE CALAIS,premier classe caler,,
1805,78997,hotel,Cousin Claude,cousin claude,,
1810,15003,hotel,Chambres d'Hôtes des Trois-Pays,chambre hôte trois-pays,,
1813,97768,hotel,L'Echapée Belle,echapée bel,,
1815,60811,hotel,MR BOURGOIS,mr bourgois,,
1818,68378,hotel,HISTOIRE DE MAISON,histoire maison,,
1825,63116,hotel,Kyriad Direct Arras Saint-Laurent-Blangy - Parc expo,kyriad direct arrer saint-laurent-blangy parc expo,,
1829,60750,hotel,LA POMMERAIE,pommeraie,,
1837,57022,hotel,Camping Paradis Belle Dune,camping paradi bel dune,,
1843,75566,hotel,LA PARENTHÈSE SPA,parenthèse spa,,
1847,14469,hotel,GITE LOUVRE OPALE,gite louvr opale,,
1855,14996,hotel,Château de la Garenne,château garenne,,
1861,92631,hotel,APPARTEMENT MME SCHELFHOUT,appartement mme schelfhout,,
1872,78708,hotel,Legrand Jean-Pierre,legrand jean-pierre,,
1880,77728,hotel,Les Ecolodges Orion,ecolodge orion,,
1881,82466,hotel,L'Escapade rangeoise,escapade rangeoise,,
1883,68302,hotel,LES ARPENTS VERTS,arpent vert,,
1886,68390,hotel,CHEZ FIFINE,chez fifine,,
1893,70330,hotel,Le Tilleul,tilleul,,
1898,69010,hotel,ENTRE CIEL ET TERRE,entrer ciel terre,,
1901,70300,hotel,Gîte Duburquoy,gîte duburquoy,,
1903,72901,hotel,Gites d'Ecottes,gite ecottes,,
1905,64181,hotel,LES CHAMBRES DU RELAIS,chambre relais,,
1908,83751,hotel,Tétu Laurence,tétu laurence,,
1913,68445,hotel,LA CRESSONNIERE,cressonniere,,
1923,67549,hotel,Dubois Sylvia,dubois sylvia,,
1924,68181,hotel,INTRA MUROS,intra muro,,
1926,69019,hotel,GITE DE GROUPES,gite groupe,,
1932,60166,hotel,Camping Municipal de la Lys,camping municipal lys,,
1938,57274,hotel,CAMPING AU ROUBAISIEN,camping roubaisien,,
1950,100065,hotel,MEUBLÉ DE TOURISME : Observatoire du Dragon,meubler tourisme observatoire dragon,,
1954,68478,hotel,LE JARDIN MINELLE,jardin minelle,,
1958,68468,hotel,LE P'TIT PARADIS,p' tit paradis,,
1972,68299,hotel,LA SOLETTE,solette,,
1977,80894,hotel,Dauchy Michel,dauchy michel,,
1983,68436,hotel,APPART-HOTEL-ARRAS,appart hotel arrer,,
1987,15017,hotel,Chambres d'Hôtes Manoir du Brugnobois,chambre hôte manoir brugnoboi,,
1990,68188,hotel,CHEZ MICHEL,chez michel,,
1991,74727,hotel,CAMPING MUNICIPAL DU GRAND GRAVELOT,camping municipal grand gravelot,,
1996,83948,hotel,Gîte de la Goutte d'Eau,gîte goutte eau,,
2002,78664,hotel,Bracaval Sébastien,bracaval sébastien,,
2008,14537,hotel,Les Volets Rouges,volet rouge,,
2009,94686,hotel,AIRE DE CAMPING CAR,aire camping car,,
2018,70334,hotel,Gîte des près,gîte près,,
2020,68170,hotel,LES AGACHES,agache,,
2021,14586,hotel,CAMPING LES CHARMILLES,camping charmille,,
2039,14579,hotel,CAMPING RANCH CAR,camping ranch car,,
2044,67492,hotel,CAMPING LE PROVENÇAL,camping provençal,,
2052,60773,hotel,MME PEZZI,mme pezzi,,
2054,60775,hotel,MR MALFAIT,mr malfait,,
2055,60776,hotel,MR GILLERON,mr gilleron,,
2061,64154,hotel,LA FERME DES 2 TILLEULS,ferme   tilleul,,
2062,69018,hotel,L'AUBEPINE,aubepine,,
2077,61000,hotel,Roupp - logement 1,roupp logement,,
2079,60799,hotel,MR DEROLLEZ,mr deroller,,
2088,83844,hotel,Rischmann Myriam,rischmann myriam,,
2098,72701,hotel,Gîte Ferme de Saint Pô,gîte ferme saint pö,,
2105,82923,hotel,M. DAUSQUE ALAIN,m. dausqu alain,,
2115,12678,hotel,Hypnos hôtel,hypno hôtel,,
2118,68472,hotel,GÎTE DE L'ABBAYE,gîte abbaye,,
2124,60929,hotel,Bourgois Daniel - Logement 1,bourgoi daniel logement,,
2126,72902,hotel,Gites d'Ecottes,gite ecottes,,
2133,77911,hotel,Le gîte du bord de Lys,gîte bord lys,,
2142,100058,hotel,MEUBLÉ DE TOURISME,meubler tourisme,,
2153,100070,hotel,MEUBLÉ DE TOURISME : Dem Spa,meubler tourisme dem spa,,
2154,78941,hotel,Specht Bruno,specht bruno,,
2156,94783,hotel,HÔTEL IBIS BÉTHUNE CENTRE GARE,hôtel ibis béthune centre gare,,
2172,83806,hotel,Gacquerre Patrick,gacquerre patrick,,
2173,57090,hotel,CAMPING LE NAPOLEON,camping napoleon,,
2174,57217,hotel,ACE HOTEL ARRAS BEAURAINS,ace hotel arrer beaurains,,
2179,78124,hotel,Les Chambres de Saint-Hilaire,chambre saint-hilair,,
2186,14604,hotel,CAMPING LE DOMAINES LES ORMES,camping domaine orme,,
2191,78700,hotel,Hétroit Maryse,hétroit maryse,,
2194,68380,hotel,LUEURS D'AMBRE . TERRE DE BRUME,lueur ambre terre brume,,
2197,72636,hotel,Le Pas'sage,pas' sage,,
2202,13948,hotel,Au Rayon de Soleil,rayon soleil,,
2203,97998,hotel,B&B Hôtel,b&b hôtel,,
2204,15362,hotel,CAMPING DE LA ROSERAIE,camping roseraie,,
2214,91924,hotel,Le Clos des Capucins,clore capucin,,
2219,57089,hotel,Le Grand Marais,grand marais,,
2222,14594,hotel,CAMPING LE RELAX,camping rela,,
2223,97767,hotel,Pothet Thierry,pothet thierry,,
2226,57136,hotel,HOTEL SPERANZA,hotel speranza,,
2230,14553,hotel,Le Tourniquet,tourniquet,,
2231,81332,hotel,Les Embruns,embrun,,
2234,14583,hotel,CAMPING LES ETANGS DU PLATEAU DES LANDES,camping etang plateau lande,,
2236,57040,hotel,Autour du Moulin,autour moulin,,
2244,100066,hotel,MEUBLÉ DE TOURISME : Pasithéa Loft Spa Privatif,meubler tourisme pasithéa loft spa privatif,,
2247,68191,hotel,AU 21,,,
2256,60791,hotel,MME DINNEQUIN,mme dinnequin,,
2257,61612,hotel,HOTEL F1 COQUELLES,hotel f coquelle,,
2263,60806,hotel,GIGI,gigi,,
2268,14590,hotel,CAMPING DE L'ETANG,camping etang,,
2273,99155,hotel,Bataille Maxence,bataille maxence,,
2279,77677,hotel,Bourgois Daniel - logement 2,bourgoi daniel logement,,
2280,68442,hotel,SECRET D'INTERIEUR,secret interieur,,
2287,60808,hotel,MR RAVAUT,mr ravaut,,
2290,79138,hotel,Dupuis Anny-Paule,dupui anny paule,,
2291,78683,hotel,Dendievel Bernard,dendievel bernard,,
2295,61007,hotel,Tutin Corinne & Jean-Claude - Chalet 162 - logement 2,tutin corinne jean-claude chalet   logement,,
2296,89280,hotel,AUX GÎTES D'OYE,gîte oye,,
2299,68166,hotel,LE CHALET DE LA HULOTTE,chalet hulotte,,
2302,75118,hotel,DE LA MAISON AUX ATELIERS,maison atelier,,
2309,139cf096-b755-f270-97e8-501b9f641846,hotel,Château de Montvillargenne,château montvillargenne,,
2310,c6fe811e-d727-11ea-8c38-0050569afc27,hotel,Campus Serge Kampf Les Fontaines,campus serge kampf fontaine,,
2311,81645174-5941-09d9-ebd9-50d1eab4b491,hotel,Auberge du Jeu de Paume,auberge jeu paume,,
2312,c6eeed96-cad5-f59d-227f-50f4208fd5d4,hotel,Mercure Chantilly Resort & Conventions,mercur chantilly resort convention,,
4809,6048715,restaurant,La carpe d'or,carpe or,,
4861,6048735,restaurant,L'auberge du coucou,auberge coucou,,
4865,5242476,restaurant,Domaine du château Ermenonville,domaine château ermenonvill,,
4886,73881,restaurant,FAST FOOD CITY,fast food city,,
4895,58227,restaurant,RESTAURANT AU CANARD GOURMAND,restaurer canard gourmand,,
4903,73885,restaurant,LE FRANCAIS,francai,,
4906,74180,restaurant,FRITERIE LA GRIGNOTTE,friterie grignotte,,
4907,85273,restaurant,L'ENTRACTE,entracte,,
4908,58303,restaurant,LE FLORIAN,florian,,
4914,57946,restaurant,BRASSERIE LE DELTAPLANE,brasserie deltaplane,,
4921,80190,restaurant,LE QG,qg,,
4923,74197,restaurant,AUBERGE LA CACHAINE,auberge cachaine,,
4926,73915,restaurant,QUAI 42,quai,,
4928,58097,restaurant,La Pataterie,pataterie,,
4931,73907,restaurant,LE PLAISANCE,plaisance,,
4932,77152,restaurant,LE RAJAH SNACK,rajah snack,,
4933,85275,restaurant,LE CHOUCHEN,chouchen,,
4939,60545,restaurant,La Cabine,cabine,,
4941,14891,restaurant,RESTAURANT LE MOULIN  DE LA BARNE,restaurer moulin   barne,,
4953,58261,restaurant,BRASSERIE LE VERT GAZON,brasserie vert gazon,,
4956,73883,restaurant,LA FERME GOURMANDE,ferme gourmand,,
4957,77149,restaurant,SPIZZA CAROLA,spizza carola,,
4959,55128,restaurant,Aux pêcheurs d'Étaples,pêcheur étaple,,
4961,77397,restaurant,LA BOURRICHE WIMEREUSIENNE,bourriche wimereusienne,,
4963,58022,restaurant,AUBERGE DE L'AA,auberge aa,,
4965,36912,restaurant,La Terrasse,terrasse,,
4967,58363,restaurant,PIZZERIA CHEZ RAFFAELLE,pizzeria chez raffaelle,,
4968,74186,restaurant,AU ROYAL KEBAB,royal kebab,,
4971,73841,restaurant,CHEZ DÉBO,chez débo,,
4972,58178,restaurant,RESTAURANT LE MANOIR,restaurer manoir,,
4973,70626,restaurant,Friterie Pizzeria Chez Dach,friterie pizzeria chez dach,,
4981,58277,restaurant,RESTAURANT LE P'TIT BOUCHON,restaurer p' tit bouchon,,
4982,64203,restaurant,CAFE BRASSERIE DE LA GAIETE,cafe brasseri gaiete,,
4988,57826,restaurant,BRASSERIE DU ROYAL VARIETES,brasserie royal variete,,
4991,15255,restaurant,RESTAURANT LE GAULOIS GOURMAND,restaurer gaulois gourmand,,
4995,73986,restaurant,AUBERGE DE CONTEVILLE,auberge conteville,,
4996,57964,restaurant,RESTAURANT LE DETROIT,restaurer detroit,,
4997,58018,restaurant,RESTAURANT LES SALONS DE LA CLOCHETTE,restaurer salon clochette,,
4999,58368,restaurant,RESTAURANT LE CHARLES VIII,restaurer charles viii,,
5000,74198,restaurant,MELIZZA,melizzer,,
5009,64572,restaurant,Micka-Pizza,micka pizza,,
5011,77237,restaurant,BEERS'N PARADISE,beers' paradise,,
5012,55175,restaurant,Brasserie de la Canche,brasserie canche,,
5016,58048,restaurant,RESTAURANT AU PALAIS DE BETHUNE,restaurer palais bethune,,
5017,58218,restaurant,RESTAURANT LA CHENAIE,restaurer chenaie,,
5023,77498,restaurant,SEVEN SEAS,seven seas,,
5024,74209,restaurant,FLUNCH,flunch,,
5027,77163,restaurant,CHATEAU KEBAB II,chateau kebab ii,,
5029,55176,restaurant,Les voyageurs,voyageur,,
5035,88669,restaurant,LA MARQUISE,marquis,,
5036,74202,restaurant,PIZZA PAÏ,pizza paï,,
5038,85241,restaurant,LA ROUTE DES ÉPICES,route épice,,
5040,77148,restaurant,PRONTO PIZZA,pronto pizza,,
5041,14768,restaurant,AUX MARRONNIERS,marronnier,,
5042,58035,restaurant,RESTAURANT LA BOUCHERIE,restaurer boucherie,,
5049,100134,restaurant,LA ROSE SUR MER,rose mer,,
5051,58315,restaurant,LE DRAGON D'OR,dragon or,,
5053,79164,restaurant,O' TACOS,o taco,,
5054,84375,restaurant,LE VALAISAN,valaisan,,
5056,85262,restaurant,AU TRAIN D'ENFER,train enfer,,
5059,58036,restaurant,RESTAURANT COULEUR DES CHAMPS,restaurer couleur champ,,
5062,58113,restaurant,LE PALERME,palerme,,
5064,77494,restaurant,LE 31,,,
5067,73953,restaurant,LE THALASSA,thalassa,,
5069,58164,restaurant,HOLIDAY INN RESTAURANT,holiday inn restaurer,,
5084,78769,restaurant,Chez Pascal,chez pascal,,
5095,58152,restaurant,BRASSERIE LE PETIT PRINCE,brasserie petit prince,,
5098,84582,restaurant,LE FONTENOY,fontenoy,,
5101,85227,restaurant,L'HOVERCRAFT,hovercraft,,
5103,58159,restaurant,RESTAURANT BUFFALO GRILL,restaurer buffalo grill,,
5107,58486,restaurant,RESTAURANT LE MILANO,restaurer milano,,
5108,81501,restaurant,The Office Pub,the office pub,,
5119,57856,restaurant,RESTAURANT AUTOGRILL,restaurer autogrill,,
5120,57923,restaurant,RESTAURANT AU CANARD GOURMAND,restaurer canard gourmand,,
5121,73875,restaurant,LE COLIBRI,colibri,,
5125,57990,restaurant,BRASSERIE PETIT SAINT PIERRE,brasserie petit saint pierre,,
5130,60716,restaurant,Rue Gourmande,rue gourmand,,
5132,58426,restaurant,RESTAURANT LE PASSE TEMPS,restaurer passer temps,,
5133,58056,restaurant,BRASSERIE LE MURPHY'S,brasserie murphy',,
5134,84574,restaurant,LE PENALTY,penalty,,
5135,77510,restaurant,AU REVEIL MATIN,reveil matin,,
5137,74181,restaurant,LE PORTELOIS,porteloi,,
5141,58454,restaurant,LA GRANDE MURAILLE,grand muraille,,
5146,81457,restaurant,L'Avantage,avantage,,
5151,58135,restaurant,RESTAURANT TAI HOA,restaurer tai hoa,,
5156,58317,restaurant,LE PAPA SCHULTZ,papa schultz,,
5161,73904,restaurant,LA PIERRE CHAUDE,pierre chaud,,
5164,85233,restaurant,LE COLONIA,colonia,,
5171,73869,restaurant,LA CABANE,cabane,,
5173,69024,restaurant,ANAGRAM,anagram,,
5175,73900,restaurant,LE BISTROT DU VINGT,bistrot vingt,,
5180,60694,restaurant,Le Coin des Pizzas,coin pizza,,
5185,96495,restaurant,Vallée du Kashmir,vallée kashmir,,
5186,77407,restaurant,L'OCEAN,ocean,,
5187,73989,restaurant,L'AUBERGE CAPELLOISE,auberge capelloise,,
5188,69036,restaurant,MEZZALUNA,mezzaluna,,
5189,58276,restaurant,RESTAURANT CHEZ LEGRIS,restaurer chez legris,,
5191,58211,restaurant,BRASSERIE LE VERT DRAGON,brasserie vert dragon,,
5192,58132,restaurant,RESTAURANT LA RIPAILLE,restaurer ripaille,,
5193,57922,restaurant,RESTAURANT LE CLUSIUS (Hôtel Univers),restaurer clusiu hôtel univer,,
5195,58188,restaurant,RESTAURANT DE LA GARE,restaurer gare,,
5199,77484,restaurant,LE NIGHT CLUB,night club,,
5205,14391,restaurant,L'ETALE,etal,,
5207,59885,restaurant,Le 940,,,
5209,60708,restaurant,L'Avenue,avenue,,
5215,85272,restaurant,O'TYNICO,o' tynico,,
5216,73920,restaurant,LE BOUILLON,bouillon,,
5218,76602,restaurant,LA MAISON,maison,,
5220,84937,restaurant,LE BRAZZA CAFE TABAC,brazza cafe tabac,,
5221,77500,restaurant,LE FLINT,flint,,
5222,84373,restaurant,LE NEMROD,nemrod,,
5226,74185,restaurant,FLUNCH,flunch,,
5231,78254,restaurant,DJURDURA : LE ROI DU COUSCOUS,djurdura roi couscous,,
5232,58339,restaurant,BRASSERIE LE CALICE,brasserie calice,,
5239,80194,restaurant,LA CHAPELLE,chapelle,,
5244,72400,restaurant,Pizza Hubert,pizzer hubert,,
5247,58341,restaurant,BRASSERIE LA MARINERIE,brasserie marinerie,,
5250,73872,restaurant,LE CHATILLON,chatillon,,
5251,77523,restaurant,LE PHARAON,pharaon,,
5253,77491,restaurant,LE BALTO,balto,,
5254,69037,restaurant,LES TROIS FÛTS,trois,,
5255,57959,restaurant,LE MEDITERANEEN,mediteraneen,,
5259,74203,restaurant,BURGER KING,burger king,,
5260,85231,restaurant,LE RÉGENT,régent,,
5264,58057,restaurant,CAFE DU HAUT PONT,cafe haut pont,,
5265,55125,restaurant,Au vieux port,vieux port,,
5273,57808,restaurant,Le Saint Laurent,saint laurent,,
5277,58448,restaurant,RESTAURANT LE KIMBO,restaurer kimbo,,
5279,69043,restaurant,FRITERIE SENSAS,friterie sensas,,
5289,58483,restaurant,BRASSERIE DE LA PLAGE,brasserie plage,,
5292,84578,restaurant,LE VINCENNES,vincennes,,
5293,69035,restaurant,SARL DU CHÂTEAU DE PENIN,sarl château penin,,
5295,14942,restaurant,RESTAURANT L'HISTOIRE DE...,restaurer histoire,,
5305,14960,restaurant,CAFE DE LA MAIRIE,cafe mairie,,
5312,58038,restaurant,RESTAURANT LE PÊCHÉ GOURMAND,restaurer pêché gourmand,,
5314,60689,restaurant,La Guinguette,guinguette,,
5315,55179,restaurant,Sofish,sofish,,
5318,73990,restaurant,LE BOUQUET,bouquet,,
5319,77346,restaurant,AU VIEUX SINGE,vieux singe,,
5320,57823,restaurant,BRASSERIE LA PETITE SIRENE,brasserie petit sirene,,
5326,93760,restaurant,LE CLAIRE'MARAIS,claire' marais,,
5329,73887,restaurant,LA GRILLARDINE,grillardine,,
5330,58383,restaurant,FERME AUBERGE DES PEUPLIERS,ferme auberge peuplier,,
5333,57849,restaurant,BRASSERIE  CHEZ JULES,brasserie   chez jules,,
5346,68419,restaurant,Big Brothers,big brothers,,
5349,65356,restaurant,La Table de Jeanne,table jeanne,,
5352,77405,restaurant,CAFÉ DE LA MAIRIE,café mairie,,
5354,58198,restaurant,RESTAURANT LE ROYAL,restaurer royal,,
5357,58029,restaurant,Le City Grill,city grill,,
5365,57965,restaurant,BRASSERIE LONDON BRIDGE,brasserie london bridge,,
5366,58014,restaurant,RESTAURANT LE NEW LYS,restaurer new lys,,
5373,58201,restaurant,BRASSERIE L'ATREBATE,brasserie atrebate,,
5376,97407,restaurant,LE HALL,hall,,
5377,77496,restaurant,LE BLACK PEARL,black pearl,,
5382,58058,restaurant,BRASSERIE LE 66,brasserie,,
5383,85251,restaurant,LE CAFÉ DE LA GARE,café gare,,
5394,57999,restaurant,BRASSERIE AUX BONS AMIS,brasserie bon ami,,
5403,85267,restaurant,LE CENTAURE,centaure,,
5410,77516,restaurant,LES ANNONCIADES,annonciade,,
5416,84349,restaurant,LE SELECT PUB,select pub,,
5417,73906,restaurant,PIZZA PRICE,pizza price,,
5428,85242,restaurant,LOUNGE RÉTRO'F CAFÉ,loung rétro' f café,,
5431,58376,restaurant,RESTAURANT LA BIGOUDENE,restaurer bigoudene,,
5432,58267,restaurant,BRASSERIE A LA FRINGALE,brasserie avoir fringale,,
5435,57850,restaurant,BRASSERIE LE RUSTIQUE,brasserie rustique,,
5437,58114,restaurant,BRASSERIE  TUTTI QUANTI,brasserie   tutti quanti,,
5441,58205,restaurant,La Verrière,verrière,,
5445,69042,restaurant,LE VIVIANI,viviani,,
5449,77502,restaurant,WOOD'S BAR,wood' bar,,
5450,84493,restaurant,LA TURQUOISE,turquoise,,
5451,57924,restaurant,LES ARCADES,arcade,,
5452,77519,restaurant,NEW MARINE,new marine,,
5454,14571,restaurant,Le Tacot,tacot,,
5456,88668,restaurant,LA SIGNATURE,signature,,
5457,74183,restaurant,SNACK LES PYRAMIDES,snack pyramide,,
5458,57991,restaurant,BRASSERIE LE PENALTY,brasserie penalty,,
5460,74189,restaurant,KFC,kfc,,
5462,57877,restaurant,RESTAURANT AU FIL DE L'O,restaurer fil o,,
5463,58452,restaurant,RESTAURANT  LE RELAIS DU CHÂTEAU,restaurer   relais château,,
5464,74208,restaurant,DOMINO'S PIZZA SAINT-MARTIN,domino' pizza saint-martin,,
5473,58230,restaurant,RESTAURANT AQUAR'AILE,restaurer aquar' aile,,
5480,14103,restaurant,Le Bulot Gourmand,bulot gourmand,,
5484,73946,restaurant,SOLEIL D'ASIE,soleil asie,,
5485,73952,restaurant,LE DALTON,dalton,,
5490,77985,restaurant,LE COMPTOIR DES PAINS,comptoir pain,,
5495,58456,restaurant,CAFE DE LA PLACE,cafe place,,
5499,84675,restaurant,CAFE DE LA MAIRIE SAINT-MARTIN-BOULOGNE,cafe mairie saint-martin-boulogn,,
5501,57976,restaurant,BRASSERIE LE VIEUX CARRE,brasserie vieux carre,,
5502,58111,restaurant,LE PETIT RAT PORTEUR,petit rat porteur,,
5504,15275,restaurant,RESTAURANT LA GRANGE,restaurer grange,,
5508,58145,restaurant,RESTAURANT LES DUNES,restaurer dune,,
5509,77402,restaurant,BAR DE LA MARINE,bar marine,,
5513,85271,restaurant,LE BUFFET DE LA GARE,buffet gare,,
5514,85235,restaurant,L'ATELIER PERE & FILS,atelier pere fils,,
5516,73788,restaurant,LA MATELOTE,matelote,,
5518,84372,restaurant,LE CALUMET,calumet,,
5523,84374,restaurant,LE CLOCHEVILLE CHEZ L'DAR,clocheville chez dar,,
5526,57921,restaurant,BRASSERIE LE VESUVE,brasserie vesuve,,
5527,58041,restaurant,LE DOMAINE DE CHAVAGNAC,domaine chavagnac,,
5528,93511,restaurant,Abaca,abaca,,
5529,85244,restaurant,L'ESSENTIEL,essentiel,,
5532,74193,restaurant,WOK SUN,wok sun,,
5535,57784,restaurant,LE RETRO,retro,,
5536,69031,restaurant,LES DEUX FRÈRES CHEZ ZENON,deux frère chez zenon,,
5538,77497,restaurant,BAROCK L'HORLOGE,barock horloge,,
5540,58141,restaurant,RESTAURANT LE PUNJAB,restaurer punjab,,
5544,78931,restaurant,LE CAPECURIEN,capecurien,,
5548,58162,restaurant,RESTAURANT LA TABLE DU TROUBADOUR,restaurer table troubadour,,
5557,85232,restaurant,LA CHAMPENOISE,champenois,,
5559,58219,restaurant,RESTAURANT LE NAPOLI,restaurer napoli,,
5560,58463,restaurant,RESTAURANT LA PLEIADE,restaurer pleiade,,
5564,57900,restaurant,RESTAURANT AUX AMIS DE LA ROUTE,restaurer ami route,,
5569,58040,restaurant,LE CH'TI CHARIVARI,ch' ti charivari,,
5573,74177,restaurant,CAPPADOCE,cappadoc,,
5574,58200,restaurant,RESTAURANT LE RELAIS,restaurer relais,,
5579,55168,restaurant,Le roulis,roulis,,
5584,58049,restaurant,BRASSERIE DE LA HEM,brasserie hem,,
5585,57973,restaurant,RESTAURANT LE SESAME,restaurer sesame,,
5589,77504,restaurant,FINEST DOG,finest dog,,
5591,70378,restaurant,Burger King,burger king,,
5597,57827,restaurant,LE MONTESILVANO,montesilvano,,
5599,58417,restaurant,L'Auberge du Bois,auberge bois,,
5608,73833,restaurant,AU BUREAU,bureau,,
5610,81480,restaurant,Le Touq’Crêpes,touq' crêper,,
5611,73950,restaurant,SUBWAY CENTRE-VILLE,subway centre ville,,
5614,79856,restaurant,ISTAMBUL,istambul,,
5623,78262,restaurant,FRITERIE KEVIN,friterie kevin,,
5624,77401,restaurant,IRISH PUB BOULOGNE,irish pub boulogne,,
5628,77525,restaurant,L'ALHAMBRA,alhambra,,
5635,58215,restaurant,BRASSERIE L'ALEXANDRA,brasserie alexandra,,
5636,87155,restaurant,FAST'N GOOD,fast' good,,
5646,85702,restaurant,LA PÂTE A JACKY,pâte avoir jacky,,
5647,99242,restaurant,Les Oyats,oyat,,
5648,94036,restaurant,FRITERIE HELENE,friterie helene,,
5651,77489,restaurant,RED BAR,red bar,,
5655,76882,restaurant,Café de la Place Verte,café place vert,,
5662,73871,restaurant,CHATEAU KEBAB,chateau kebab,,
5667,58316,restaurant,LE FOUCRÊPE 'S,foucrêpe,,
5668,58314,restaurant,RESTAURANT VERTIGO BAR RESTO,restaurer vertigo bar resto,,
5669,58420,restaurant,RESTAURANT LE PAVE AVESNOIS,restaurer paver avesnois,,
5671,81496,restaurant,Quality Pizza,quality pizza,,
5677,74187,restaurant,CAFE DE LA FERME,cafe ferme,,
5680,61827,restaurant,LA MAISON ROUGE,maison rouge,,
5681,14380,restaurant,LA CREPE DOREE,crepe doree,,
5682,58034,restaurant,AMARINE,amarine,,
5685,73867,restaurant,LA BELLE EPOQUE,bel epoque,,
5689,58055,restaurant,BRASSERIE LE SEVEN,brasserie seven,,
5690,84371,restaurant,CHEZ MICHEL,chez michel,,
5694,60534,restaurant,Au Marin Glacé,marin glacer,,
5695,77531,restaurant,LE ROYAL,royal,,
5697,58436,restaurant,RESTAURANT AU VIEUX FOURNEAU,restaurer vieux fourneau,,
5701,69040,restaurant,LE VIDOCQ,vidocq,,
5705,60727,restaurant,Au Plaisir Gourmand,plaisir gourmand,,
5709,74972,restaurant,Chicken Food,chicken food,,
5715,73988,restaurant,AUX AMIS DE STEF,ami stef,,
5717,58327,restaurant,L'ELYSEE,elysee,,
5718,58439,restaurant,BRASSERIE LE DAUPHIN,brasserie dauphin,,
5721,60543,restaurant,L'Imbuto,imbuto,,
5723,58440,restaurant,BRASSERIE AU CADRE VERT,brasserie cadre vert,,
5724,77403,restaurant,LE CONCORDE,concorde,,
5725,56966,restaurant,A L'ANDOUILLETTE D'ARRAS,avoir andouillette arrer,,
5728,73908,restaurant,LA POIVRIERE,poivriere,,
5729,58174,restaurant,RESTAURANT LE COMMERCE,restaurer commerce,,
5731,79293,restaurant,PASSIONS A TABLE,passion avoir table,,
5740,81488,restaurant,Les Petites Cocottes,petit cocotte,,
5745,58438,restaurant,BRASSERIE AU CALAIS,brasserie caler,,
5747,60712,restaurant,Pizza City,pizzer city,,
5764,57783,restaurant,BRASSERIE CHEZ AMELIE,brasserie chez amelie,,
5765,84845,restaurant,LE REINITAS CAFE,reinita cafe,,
5771,74135,restaurant,L'ENTRE DEUX,entrer deux,,
5772,79853,restaurant,CAFÉ-BRASSERIE DE LA PAIX,café brasserie paix,,
5774,79948,restaurant,Les Planches,planche,,
5775,58131,restaurant,RESTAURANT LE MILANO,restaurer milano,,
5779,73925,restaurant,RESTAURANT DE LA PLAGE,restaurer plage,,
5792,69033,restaurant,RDV RESTO DE VIRGINIE,rendez-vous resto virginie,,
5795,58017,restaurant,ATELIER 62,atelier,,
5802,84336,restaurant,AU PERSAN,persan,,
5812,85237,restaurant,LE BROODOVEN,broodoven,,
5817,64198,restaurant,CAFE-MUSIQUES L'ABATTOIR,cafe musique abattoir,,
5818,58361,restaurant,RESTAURANT AU SOLEIL D'IZMIR,restaurer soleil izmir,,
5820,85229,restaurant,LE TRIPOT DES BARAQUES,tripot baraque,,
5821,58169,restaurant,BRASSERIE GRAND PLACE,brasserie grand place,,
5822,85243,restaurant,RESTAURANT DU BOWLING,restaurer bowling,,
5824,98243,restaurant,Friterie du Bosquet,friterie bosquet,,
5827,85269,restaurant,MEMPHIS COFFEE,memphis coffee,,
5831,76865,restaurant,Méli Mélo,méli mélo,,
5833,57774,restaurant,BRASSERIE LE COUNTRY,brasserie country,,
5839,57830,restaurant,RESTAURANT LA PLAZZA,restaurer plazza,,
5841,64216,restaurant,TRAITEUR DEMARCQ,traiteur demarcq,,
5842,72787,restaurant,Pruvost - Friterie,pruvost friterie,,
5849,58459,restaurant,BRASSERIE AUX DEUX MOINEAUX,brasserie deux moineau,,
5853,77488,restaurant,LE BLUE NOTE,blu note,,
5854,58365,restaurant,BRASSERIE LE MOULIN A BIERE,brasserie moulin avoir biere,,
5856,77508,restaurant,CAFE LE POURQUOI PAS,cafe pourquoi,,
5864,58110,restaurant,RESTAURANT O 58,restaurer o,,
5870,58477,restaurant,RESTAURANT LE CAMPAGNARD,restaurer campagnard,,
5878,73878,restaurant,LE CYRANO,cyrano,,
5881,58311,restaurant,L'ASSIETTE AU BOEUF,assiette boeuf,,
5886,58476,restaurant,RESTAURANT LE PIZZAIOLO,restaurer pizzaiolo,,
5894,77486,restaurant,THE VOLE HOLE,the vole hole,,
5895,58392,restaurant,RESTAURANT LE RELAIS DES ATTAQUES,restaurer relais attaque,,
5898,58493,restaurant,RESTAURANT LE PALAIS DE CHINE,restaurer palais chine,,
5901,58250,restaurant,RESTAURANT LE PACHA D'ANTALYA,restaurer pacha antalya,,
5902,81478,restaurant,Rossa Pizza,rossa pizza,,
5912,58359,restaurant,BRASSERIE LE SAINT HUBERT,brasserie saint hubert,,
5914,58395,restaurant,RESTAURANT DE L'EUROPE,restaurer europe,,
5915,84693,restaurant,LE MARIGNY,marigny,,
5918,85274,restaurant,FAMILY PUB,family pub,,
5922,58089,restaurant,RESTAURANT AU GRAND CERF,restaurer grand cerf,,
5923,57817,restaurant,Le Quai 23,quai,,
5925,58333,restaurant,RESTAURANT KOUIGN AMAN,restaurer kouign aman,,
5927,97003,restaurant,La Strada,strada,,
5928,57782,restaurant,RESTAURANT LE BLANC NEZ,restaurer blanc nez,,
5930,58249,restaurant,RESTAURANT BUFFALO GRILL,restaurer buffalo grill,,
5933,60704,restaurant,Le Pinocchio,pinocchio,,
5934,60698,restaurant,Le Kiosque à Pizzas,kiosque pizza,,
5935,85239,restaurant,L'ARDOISE,ardoise,,
5941,60547,restaurant,La Croisière,croisière,,
5944,85238,restaurant,BISTROT LE TOUQUET'S CASINO DE CALAIS,bistrot touquet' casino caler,,
5945,58258,restaurant,BRASSERIE DE L'HOTEL DE VILLE,brasserie hotel ville,,
5946,77505,restaurant,LE CAFE DE LA MAIRIE,cafe mairie,,
5947,58236,restaurant,RESTAURANT LE VENEZIA,restaurer venezia,,
5949,84575,restaurant,LE CAMPEONES,campeone,,
5951,87648,restaurant,BRASSERIE DU MANOIR,brasserie manoir,,
5953,57894,restaurant,CAFE DE LA PAIX - YUMMY'S RESTAURANT,cafe paix yummy' restaurer,,
5955,58077,restaurant,RESTAURANT LE GRAND BLEU,restaurer grand bleu,,
5959,58298,restaurant,RESTAURANT AU BLEU DU NORD,restaurer bleu nord,,
5973,57843,restaurant,RESTAURANT AU BON COIN,restaurer bon coin,,
5979,84484,restaurant,ANGE,ange,,
5986,77273,restaurant,CAFÉ DE LA PLACE CAFFIER,café place caffier,,
5987,58322,restaurant,BRASSERIE DU BAILLIAGE,brasserie bailliage,,
5990,60546,restaurant,La Croix d'Or,croix or,,
5996,58109,restaurant,LA CAVE DES SAVEURS,cave saveur,,
5999,58264,restaurant,RESTAURANT  LA PEUPLERAIE,restaurer   peupleraie,,
6001,93725,restaurant,L'ENTRE NOUS,entrer,,
6005,85230,restaurant,LE CHILL,chill,,
6014,57950,restaurant,BRASSERIE L'ESPADON,brasserie espadon,,
6020,77347,restaurant,LA CAVE DE MONSIEUR GUY,cave Monsieur guy,,
6024,73901,restaurant,PASTA & CO - CENTRE VILLE,pasta co centre ville,,
6027,85245,restaurant,L'AUTHENTIQUE,authentique,,
6029,58424,restaurant,RESTAURANT LE BATEAU DU CH'TI,restaurer bateau ch' ti,,
6033,77493,restaurant,CAFE PMU LES MARRONNIERS,cafe pmu marronnier,,
6036,58362,restaurant,BRASSERIE LE SAINT LAURENT,brasserie saint laurent,,
6038,74178,restaurant,LE COQ GAULOIS,coq gaulois,,
6041,64217,restaurant,LA TAVERNE,taverne,,
6042,70313,restaurant,L'Escale,escale,,
6046,88666,restaurant,L'Oeuf ou la Poule,oeuf poule,,
6050,73882,restaurant,L'ETOILE DES MERS,etoile mer,,
6051,58415,restaurant,RESTAURANT LE GOURMET,restaurer gourmet,,
6058,69032,restaurant,POIVRE ROUGE,poivr rouge,,
6059,57855,restaurant,RESTAURANT LA HULOTTE,restaurer hulotte,,
6061,58045,restaurant,AU RELAIS DE LA FONTAINE,relais fontaine,,
6065,58248,restaurant,RESTAURANT COURTE PAILLE,restaurer court paille,,
6074,60140,restaurant,"RESTAURANT ""LE CH'TI CHARIVARI""",restaurer ch' ti charivari,,
6075,81451,restaurant,La Roma,roma,,
6078,58372,restaurant,RESTAURANT COTTAGE,restaurer cottage,,
6080,58039,restaurant,RESTAURANT SAINT GERMAIN GRILL,restaurer saint germain grill,,
6083,74057,restaurant,LE RANCH,ranch,,
6087,58122,restaurant,RESTAURANT LE VENEZIA,restaurer venezia,,
6091,58422,restaurant,LE LUCKY,lucky,,
6095,58307,restaurant,Le Petit Marin,petit marin,,
6097,58295,restaurant,RESTAURANT LES 4 SAISONS,restaurer   saison,,
6099,57806,restaurant,RESTAURANT AMOY JIAZHEN,restaurer amoy jiazhen,,
6100,85265,restaurant,LE MARRAKECH,marrakech,,
6101,57775,restaurant,RESTAURANT LA SAUMONIERE,restaurer saumoniere,,
6102,56874,restaurant,L'ANDOUILLETTE CHRETIEN BERNARD,andouillette chretien bernard,,
6103,62028,restaurant,RESTAURANTS CAMPANILE,restaurant campanile,,
6111,73951,restaurant,LE SWAN,swan,,
6112,57825,restaurant,BRASSERIE AU BUREAU,brasserie bureau,,
6115,57854,restaurant,RESTAURANT  CICALA,restaurer   cicaler,,
6118,58313,restaurant,LE COMPTOIR DES HALLES,comptoir halle,,
6119,73884,restaurant,FLEUR DE SEL,fleur sel,,
6123,74204,restaurant,BUFFALO GRILL,buffalo grill,,
6127,73873,restaurant,CHEZ PIERROT,chez pierrot,,
6129,74192,restaurant,LA CHOPE D'OR,chope or,,
6132,77515,restaurant,CAFE DEL MEDIO,cafe del medio,,
6133,74206,restaurant,CROCODILE,crocodile,,
6138,58425,restaurant,L'EURO STAR,euro star,,
6139,58046,restaurant,Le Voltaire,voltaire,,
6140,58054,restaurant,BRASSERIE LE FEELING,brasserie feeling,,
6143,60690,restaurant,La Plage,plage,,
6147,58155,restaurant,RESTAURANT AIR ACCUEIL,restaurer air accueil,,
6148,58061,restaurant,RESTAURANT AU LAPIN CHASSEUR,restaurer lapin chasseur,,
6151,58427,restaurant,LE BOUCHOT,bouchot,,
6156,85264,restaurant,AU VOL AU VENT,vol vent,,
6161,74179,restaurant,LA FRITERIE DU COIN,friterie coin,,
6165,60096,restaurant,CLAIRE'MARAIS,claire' marais,,
6171,79785,restaurant,Rosamel Kebab,rosamel kebab,,
6172,77495,restaurant,LE CAMPEONES,campeone,,
6174,63597,restaurant,Restauration Sophie Lebreuilly,restauration sophie lebreuilly,,
6176,69034,restaurant,TOMATE CERISE,tomate cerise,,
6181,92242,restaurant,RESTAURANT HOLIDAY INN CALAIS COQUELLES,restaurer holiday inn calai coquelle,,
6184,57848,restaurant,BRASSERIE BACOT,brasserie bacot,,
6187,80178,restaurant,Mc Donald's,mc donald',,
6189,74188,restaurant,DOMINO'S PIZZA OUTREAU,domino' pizza outreau,,
6190,bbd0c9be-e614-a82b-a509-50d1e86184e3,restaurant,La Table du Connétable,table connétable,,
